Workbook

Sheet Instructions
B2: Sales Capacity Model
B3: How to use this workbook
B6: Purpose | C6: Calculates how many quota-carrying reps are needed per segment to hit bookings targets, adjusting for new-hire ramp productivity and expected attrition.
B7: Tab: Assumptions | C7: Global inputs — ramp curve, attrition rate, quota-to-OTE ratio. Edit the yellow cells.
B8: Tab: Capacity Model | C8: Core calculation, one row per segment. Blue cells are inputs (bookings target, mature quota, new-hire mix). Black cells are formulas — do not overwrite.
B9: Tab: Hiring Plan | C9: Translates total reps needed into a quarterly hiring plan against current headcount.
B10: Tab: Summary Dashboard | C10: Roll-up view and chart of reps needed and capacity coverage by segment.
B12: Color legend
B13: Blue text | C13: Hardcoded input — replace with your own numbers
B14: Black text | C14: Formula — recalculates automatically, do not hardcode over it
B15: Green text | C15: Link to another sheet in this workbook
B16: Yellow fill | C16: Key assumption or cell you should review/fill in before using the model
B18: Note | C18: Example values are placeholders based on typical $50M–$2B ARR SaaS benchmarks. Replace every blue cell with your own actuals before relying on outputs.

Sheet Assumptions
B2: Global Assumptions
B4: Fiscal Year | C4: FY27
B6: New-Hire Ramp Curve
B7: % of mature-rep quota a new hire carries, by quarter of tenure
B9: Quarter of tenure | C9: Q1 | D9: Q2 | E9: Q3 | F9: Q4
B10: Productivity (% of full quota) | C10: 0.25 | D10: 0.5 | E10: 0.75 | F10: 1
B12: Average Year-1 New-Hire Productivity (calculated) | C12: =AVERAGE(C10:F10) -> 0.625
B15: Attrition & Comp Assumptions
B16: Annual Regrettable Attrition Rate (quota-carrying reps) | C16: 0.15
B17: Quota-to-OTE Ratio (x) | C17: 5
B18: Average Time-to-Backfill an Open Territory (months) | C18: 3

Sheet Capacity Model
B2: Segment Capacity Model
B3: Reps needed to hit bookings target, adjusted for new-hire ramp and attrition
B5: Segment | C5: Annual Bookings Target ($) | D5: Mature Rep Annual Quota ($) | E5: Raw FTE Needed (mature-equivalent) | F5: New Hires as % of Team | G5: Avg New-Hire Productivity | H5: Blended Team Productivity | I5: Headcount Needed (ramp-adjusted) | J5: Attrition Rate | K5: Total Reps Needed (incl. backfill) | L5: Total Reps Needed (rounded up)
B6: Enterprise / Strategic | C6: 12000000 | D6: 900000 | E6: =C6/D6 -> 13.333333 | F6: 0.15 | G6: =Assumptions!$C$12 -> 0.625 | H6: =(1-F6)*1+F6*G6 -> 0.94375 | I6: =E6/H6 -> 14.128035 | J6: =Assumptions!$C$16 -> 0.15 | K6: =I6*(1+J6) -> 16.247241 | L6: =ROUNDUP(K6,0) -> 17
B7: Mid-Market / Commercial | C7: 18000000 | D7: 500000 | E7: =C7/D7 -> 36 | F7: 0.25 | G7: =Assumptions!$C$12 -> 0.625 | H7: =(1-F7)*1+F7*G7 -> 0.90625 | I7: =E7/H7 -> 39.724138 | J7: =Assumptions!$C$16 -> 0.15 | K7: =I7*(1+J7) -> 45.682759 | L7: =ROUNDUP(K7,0) -> 46
B8: SMB / Velocity | C8: 8000000 | D8: 250000 | E8: =C8/D8 -> 32 | F8: 0.35 | G8: =Assumptions!$C$12 -> 0.625 | H8: =(1-F8)*1+F8*G8 -> 0.86875 | I8: =E8/H8 -> 36.834532 | J8: =Assumptions!$C$16 -> 0.15 | K8: =I8*(1+J8) -> 42.359712 | L8: =ROUNDUP(K8,0) -> 43
B9: Total | C9: =SUM(C6:C8) -> 38000000 | I9: =SUM(I6:I8) -> 90.686706 | K9: =SUM(K6:K8) -> 104.28971 | L9: =SUM(L6:L8) -> 106
B11: Note: Blended Team Productivity = (1 - New-Hire %) x 100% + New-Hire % x Avg New-Hire Productivity. Total Reps Needed adds an attrition buffer on top of ramp-adjusted headcount.

Sheet Hiring Plan
B2: Quarterly Hiring Plan
B3: Phases net-new reps needed across the fiscal year
B5: Segment | C5: Current Headcount | D5: Target Headcount (from Capacity Model) | E5: Net New Hires Needed | F5: Q1 Hires | G5: Q2 Hires | H5: Q3 Hires | I5: Q4 Hires | J5: End-of-Year Headcount (check)
B6: Enterprise / Strategic | C6: 6 | D6: ='Capacity Model'!L6 -> 17 | E6: =D6-C6 -> 11 | F6: =IF(E6<=0,0,ROUNDUP(E6/4,0)) -> 3 | G6: =IF(E6<=0,0,ROUNDUP(E6/4,0)) -> 3 | H6: =IF(E6<=0,0,ROUNDUP(E6/4,0)) -> 3 | I6: =IF(E6<=0,0,E6-F6-G6-H6) -> 2 | J6: =C6+F6+G6+H6+I6 -> 17
B7: Mid-Market / Commercial | C7: 9 | D7: ='Capacity Model'!L7 -> 46 | E7: =D7-C7 -> 37 | F7: =IF(E7<=0,0,ROUNDUP(E7/4,0)) -> 10 | G7: =IF(E7<=0,0,ROUNDUP(E7/4,0)) -> 10 | H7: =IF(E7<=0,0,ROUNDUP(E7/4,0)) -> 10 | I7: =IF(E7<=0,0,E7-F7-G7-H7) -> 7 | J7: =C7+F7+G7+H7+I7 -> 46
B8: SMB / Velocity | C8: 4 | D8: ='Capacity Model'!L8 -> 43 | E8: =D8-C8 -> 39 | F8: =IF(E8<=0,0,ROUNDUP(E8/4,0)) -> 10 | G8: =IF(E8<=0,0,ROUNDUP(E8/4,0)) -> 10 | H8: =IF(E8<=0,0,ROUNDUP(E8/4,0)) -> 10 | I8: =IF(E8<=0,0,E8-F8-G8-H8) -> 9 | J8: =C8+F8+G8+H8+I8 -> 43
B9: Total | C9: =SUM(C6:C8) -> 19 | D9: =SUM(D6:D8) -> 106 | E9: =SUM(E6:E8) -> 87 | F9: =SUM(F6:F8) -> 23 | G9: =SUM(G6:G8) -> 23 | H9: =SUM(H6:H8) -> 23 | I9: =SUM(I6:I8) -> 18 | J9: =SUM(J6:J8) -> 106
B11: Q1-Q3 default to an even split of net-new hires (rounded up); Q4 absorbs the remainder. Overwrite the Q1-Q4 cells directly to reflect an actual hiring plan (e.g., new-hire cohorts, seasonality, approved headcount timing).

Sheet Summary Dashboard
B2: Capacity Model — Summary
B3: Fiscal Year: | C3: =Assumptions!C4 -> FY27
B5: Total Bookings Target ($) | C5: ='Capacity Model'!C9 -> 38000000
B6: Total Reps Needed (fully staffed, incl. backfill) | C6: ='Capacity Model'!L9 -> 106
B7: Current Total Headcount | C7: ='Hiring Plan'!C9 -> 19
B8: Net New Hires Needed (all segments) | C8: ='Hiring Plan'!E9 -> 87
B11: Segment | C11: Bookings Target ($) | D11: Reps Needed | E11: Current Headcount | F11: Net New Hires
B12: Enterprise / Strategic | C12: ='Capacity Model'!C6 -> 12000000 | D12: ='Capacity Model'!L6 -> 17 | E12: ='Hiring Plan'!C6 -> 6 | F12: ='Hiring Plan'!E6 -> 11
B13: Mid-Market / Commercial | C13: ='Capacity Model'!C7 -> 18000000 | D13: ='Capacity Model'!L7 -> 46 | E13: ='Hiring Plan'!C7 -> 9 | F13: ='Hiring Plan'!E7 -> 37
B14: SMB / Velocity | C14: ='Capacity Model'!C8 -> 8000000 | D14: ='Capacity Model'!L8 -> 43 | E14: ='Hiring Plan'!C8 -> 4 | F14: ='Hiring Plan'!E8 -> 39
