Workbook

Sheet Instructions
B2: Pipeline Coverage Calculator
B3: How to use this workbook
B6: Purpose | C6: Calculates whether open pipeline is sufficient to hit remaining quota, using both a simple coverage ratio (total open pipeline / remaining quota) and a stage-weighted coverage ratio (pipeline weighted by historical win rate per stage).
B7: Tab: Assumptions | C7: Global inputs — target coverage ratio per segment, win rate by pipeline stage. Edit the yellow cells.
B8: Tab: Coverage Calculator | C8: Core calculation, one row per segment. Blue cells are inputs (remaining quota, pipeline by stage). Black cells are formulas — do not overwrite.
B9: Tab: Summary Dashboard | C9: Roll-up view and chart comparing actual vs. target coverage ratio by segment.
B11: Color legend
B12: Blue text | C12: Hardcoded input — replace with your own numbers
B13: Black text | C13: Formula — recalculates automatically, do not hardcode over it
B14: Green text | C14: Link to another sheet in this workbook
B15: Yellow fill | C15: Key assumption or cell you should review/fill in before using the model
B17: Note | C17: Example values are placeholders. Replace every blue cell with your own actuals (from CRM export) before relying on outputs. Coverage ratio benchmarks of 3-4x are common in SaaS, but should be back-tested against your own historical stage-to-close win rates.

Sheet Assumptions
B2: Global Assumptions
B4: Period | C4: Q3 FY27
B6: Target Coverage Ratio by Segment
B7: Multiple of remaining quota that open pipeline should cover, given typical win rates
B9: Segment | C9: Target Coverage Ratio (x)
B10: Enterprise / Strategic | C10: 4
B11: Mid-Market / Commercial | C11: 3.5
B12: SMB / Velocity | C12: 3
B15: Win Rate by Pipeline Stage
B16: Historical probability an opportunity in this stage closes won — used to compute weighted pipeline
B18: Stage | C18: Win Rate (%)
B19: Stage 1 - Qualification | C19: 0.1
B20: Stage 2 - Discovery/Demo | C20: 0.25
B21: Stage 3 - Proposal | C21: 0.5
B22: Stage 4 - Negotiation | C22: 0.75

Sheet Coverage Calculator
B2: Pipeline Coverage Calculator
B3: Open pipeline vs. remaining quota, by segment
B5: Segment | C5: Remaining Quota ($) | D5: Target Coverage Ratio (x) | E5: Required Pipeline ($) | F5: Stage 1 Pipeline ($) | G5: Stage 2 Pipeline ($) | H5: Stage 3 Pipeline ($) | I5: Stage 4 Pipeline ($) | J5: Total Open Pipeline ($) | K5: Weighted Pipeline ($) | L5: Actual Coverage Ratio (x) | M5: Weighted Coverage Ratio (x) | N5: Gap to Required Pipeline ($) | O5: Status
B6: Enterprise / Strategic | C6: 6000000 | D6: =Assumptions!C10 -> 4 | E6: =C6*D6 -> 24000000 | F6: 8000000 | G6: 6500000 | H6: 4000000 | I6: 2500000 | J6: =SUM(F6:I6) -> 21000000 | K6: =F6*Assumptions!$C$19+G6*Assumptions!$C$20+H6*Assumptions!$C$21+I6*Assumptions!$C$22 -> 6300000 | L6: =J6/C6 -> 3.5 | M6: =K6/C6 -> 1.05 | N6: =MAX(E6-J6,0) -> 3000000 | O6: =IF(L6>=D6,"On Track","At Risk") -> At Risk
B7: Mid-Market / Commercial | C7: 9000000 | D7: =Assumptions!C11 -> 3.5 | E7: =C7*D7 -> 31500000 | F7: 12000000 | G7: 9000000 | H7: 6000000 | I7: 3000000 | J7: =SUM(F7:I7) -> 30000000 | K7: =F7*Assumptions!$C$19+G7*Assumptions!$C$20+H7*Assumptions!$C$21+I7*Assumptions!$C$22 -> 8700000 | L7: =J7/C7 -> 3.3333333 | M7: =K7/C7 -> 0.96666667 | N7: =MAX(E7-J7,0) -> 1500000 | O7: =IF(L7>=D7,"On Track","At Risk") -> At Risk
B8: SMB / Velocity | C8: 4500000 | D8: =Assumptions!C12 -> 3 | E8: =C8*D8 -> 13500000 | F8: 5500000 | G8: 4000000 | H8: 3000000 | I8: 1500000 | J8: =SUM(F8:I8) -> 14000000 | K8: =F8*Assumptions!$C$19+G8*Assumptions!$C$20+H8*Assumptions!$C$21+I8*Assumptions!$C$22 -> 4175000 | L8: =J8/C8 -> 3.1111111 | M8: =K8/C8 -> 0.92777778 | N8: =MAX(E8-J8,0) -> 0 | O8: =IF(L8>=D8,"On Track","At Risk") -> On Track
B9: Total | C9: =SUM(C6:C8) -> 19500000 | E9: =SUM(E6:E8) -> 69000000 | F9: =SUM(F6:F8) -> 25500000 | G9: =SUM(G6:G8) -> 19500000 | H9: =SUM(H6:H8) -> 13000000 | I9: =SUM(I6:I8) -> 7000000 | J9: =SUM(J6:J8) -> 65000000 | K9: =SUM(K6:K8) -> 19175000 | L9: =J9/C9 -> 3.3333333 | M9: =K9/C9 -> 0.98333333 | N9: =SUM(N6:N8) -> 4500000
B11: Actual Coverage Ratio = Total Open Pipeline / Remaining Quota. Weighted Coverage Ratio applies each stage's historical win rate before dividing by quota — a more conservative, typically more reliable indicator of whether pipeline will actually convert to bookings. Status flags against the weighted ratio versus the target coverage ratio.

Sheet Summary Dashboard
B2: Pipeline Coverage — Summary
B3: Period: | C3: =Assumptions!C4 -> Q3 FY27
B5: Total Remaining Quota ($) | C5: ='Coverage Calculator'!C9 -> 19500000
B6: Total Open Pipeline ($) | C6: ='Coverage Calculator'!J9 -> 65000000
B7: Total Weighted Pipeline ($) | C7: ='Coverage Calculator'!K9 -> 19175000
B8: Overall Actual Coverage Ratio (x) | C8: ='Coverage Calculator'!L9 -> 3.3333333
B9: Overall Weighted Coverage Ratio (x) | C9: ='Coverage Calculator'!M9 -> 0.98333333
B10: Total Gap to Required Pipeline ($) | C10: ='Coverage Calculator'!N9 -> 4500000
B13: Segment | C13: Target Ratio (x) | D13: Actual Ratio (x) | E13: Weighted Ratio (x) | F13: Status
B14: Enterprise / Strategic | C14: ='Coverage Calculator'!D6 -> 4 | D14: ='Coverage Calculator'!L6 -> 3.5 | E14: ='Coverage Calculator'!M6 -> 1.05 | F14: ='Coverage Calculator'!O6 -> At Risk
B15: Mid-Market / Commercial | C15: ='Coverage Calculator'!D7 -> 3.5 | D15: ='Coverage Calculator'!L7 -> 3.3333333 | E15: ='Coverage Calculator'!M7 -> 0.96666667 | F15: ='Coverage Calculator'!O7 -> At Risk
B16: SMB / Velocity | C16: ='Coverage Calculator'!D8 -> 3 | D16: ='Coverage Calculator'!L8 -> 3.1111111 | E16: ='Coverage Calculator'!M8 -> 0.92777778 | F16: ='Coverage Calculator'!O8 -> On Track
